Signal Name,Angle,Amplitude
Sine Wave,0.0,0.0204103
Sine Wave,0.448799,0.435274
Sine Wave,0.897598,0.747859
Sine Wave,1.3464,0.832367
Sine Wave,1.7952,1.0575
Sine Wave,2.24399,0.695844
Sine Wave,2.69279,0.522679
Sine Wave,3.14159,-0.0496367
Sine Wave,3.59039,-0.42627
Sine Wave,4.03919,-0.525765
Sine Wave,4.48799,-0.849164
Sine Wave,4.93679,-0.866368
Sine Wave,5.38559,-0.808921
Sine Wave,5.83439,-0.558357
Sine Wave,6.28319,0.0494465